id,name,email
1,Justin Barber,hallcindy@example.com
2,Curtis Merritt,lisaterry@example.net
3,Kristina Valencia,iwhite@example.com
4,Kathryn Stein,hfoster@example.org
5,Cassandra Brown MD,ukirby@example.com
6,Joshua Ramirez,wyattruiz@example.org
7,James Watson,bakercalvin@example.org
8,Lauren Gordon,hallkim@example.org
9,Hunter Anderson,ffigueroa@example.com
10,Tracy Liu,williamrodriguez@example.net
11,Dawn Stevens,patrick57@example.org
12,Herbert Patel,danielleayala@example.org
13,Andrea Martin,jennifersilva@example.com
14,Kimberly Johnson,alyssa88@example.net
15,Michelle Davidson,warrenjoseph@example.org
16,Tiffany Wolfe,allison98@example.com
17,Sara Kennedy,jennifer38@example.net
18,Anthony Jackson,carterchad@example.com
19,Henry Mitchell,vanessacherry@example.com
20,David Mcconnell,briggs@example.net
21,Kaitlyn Kennedy,kristin77@example.org
22,Laura Thomas,schneidernicholas@example.org
23,Eric Mills,lewiswilliam@example.com
24,Christopher Johnson,jimenezashley@example.net
25,Jack Bautista,onelson@example.org
26,Taylor Welch MD,harperclayton@example.org
27,Susan Miller,lgarcia@example.org
28,David Peterson,dawn69@example.org
29,Jennifer Sanchez,teresasteele@example.com
30,Grant Mckinney,pbooker@example.org
31,Jennifer Berg,jennifermann@example.org
32,Stanley Peterson,keithcox@example.org
33,Andrew Gonzalez,gerald73@example.net
34,Willie Klein,wsmith@example.com
35,Ronald Christensen,craig04@example.net
36,Misty Carter,smccullough@example.org
37,Michael Fowler,toddjohn@example.com
38,Katherine Jennings,sarah90@example.net
39,Darlene Mcdaniel,paigeprice@example.net
40,Sierra Ferguson,christopher53@example.org
41,Daniel Burch,qmann@example.net
42,Jeffery Smith,bruceryan@example.com
43,Tracy Smith,plarson@example.org
44,Christopher Holloway,anthony70@example.org
45,April Vasquez,gsmith@example.com
46,Jessica Andrews,regina49@example.net
47,Jesse Robles,jessehughes@example.com
48,Daniel Edwards,castroscott@example.com
49,Stephen Orozco,figueroaandrew@example.org
50,Sandra Frye,larry10@example.org
51,Stephanie Nelson,jennifer99@example.org
52,Robert Roberts,ylara@example.com
53,Paul Valencia,smithcorey@example.net
54,Barbara Dominguez,aobrien@example.com
55,Teresa Schmidt,jacob79@example.org
56,Jill Rodriguez,khill@example.com
57,Melissa Moore,christineholmes@example.com
58,James Oconnell,doylematthew@example.net
59,Shannon Burke,anthony79@example.net
60,Juan Washington,williamdurham@example.org
61,Jordan Hernandez,ijames@example.net
62,Zachary Collins,john57@example.org
63,Adrian Hamilton,hannah19@example.org
64,Julia Boyd,tyler65@example.com
65,David Leblanc,alamb@example.org
66,John Thompson,nicholas10@example.com
67,Anthony Roy,jason18@example.com
68,Jeffrey Richardson,melissa52@example.net
69,Claudia Vazquez,kelseyvillarreal@example.net
70,Katelyn Castro,carol23@example.net
71,Ronald Johnson,morantamara@example.org
72,Maxwell Marshall,joseph38@example.net
73,Randall Brooks,robinsoncharles@example.org
74,John Kane,rebecca92@example.net
75,Brian Gaines,sergiojohnson@example.net
76,Veronica Brown,jbaker@example.net
77,Stephen Wright,nromero@example.com
78,Maria Villanueva,kellyrodriguez@example.org
79,Benjamin Kidd,hdavis@example.net
80,Linda Collins,terryshelia@example.com
81,Jeffery Paul,michaelpierce@example.org
82,Zachary Reynolds,simmonsandrew@example.net
83,Amber Rodriguez,holly86@example.net
84,Carlos Davis,zmartinez@example.net
85,James Webb,david95@example.org
86,William Rios,epatterson@example.org
87,Barbara Heath,mcdonalddaniel@example.com
88,David Ward,william42@example.net
89,Holly Sanchez,freemanwillie@example.org
90,Grant Johnson,sarah47@example.com
91,Miguel Medina,zamoraaaron@example.net
92,Samantha Sutton,vanessasalinas@example.net
93,Christopher Daniel,wesley69@example.net
94,Ashley Combs,teresacochran@example.com
95,Gabriel Hobbs,chavezrachel@example.org
96,Sheryl Adkins,smithjason@example.org
97,Laura Mendez,uortiz@example.org
98,Sandra Lyons,hpatton@example.org
99,Tanner Underwood,joshuasmall@example.net
100,Maria Lewis,stevenserica@example.org
101,Jesse Knight,ryan80@example.com
102,Mr. David Porter,allenholmes@example.org
103,Amber Robertson,garciajanet@example.net
104,Elizabeth Norris,kcurtis@example.com
105,Crystal Carroll,sean71@example.com
106,Julie Johnson,omaldonado@example.org
107,Maria Friedman,melissa52@example.org
108,Natasha Love,mistyobrien@example.org
109,John Mcdonald,juan13@example.net
110,Eric Terry,stephaniebryant@example.com
111,John Patel,alexakoch@example.org
112,Curtis Cox,brownjeffrey@example.org
113,Jasmine Chapman,allison04@example.com
114,Karen Smith,jessicalee@example.com
115,Casey Williams,cherylwebb@example.org
116,Laura Stewart,usmith@example.com
117,Holly Lowe,smithedward@example.net
118,Daniel Scott,xparker@example.org
119,Amanda Stokes,lucasashley@example.org
120,Jenny Callahan,oalvarez@example.net
121,Eric Moore V,matthew00@example.net
122,Dave Ramos,scottnguyen@example.com
123,Adam Hughes,qharris@example.com
124,Kim Robinson,gerald96@example.com
125,Melissa Harrison,kristen63@example.com
126,Amanda Mann,bergerjuan@example.com
127,Lawrence Harris,cindy62@example.org
128,Kayla Hoffman,williamsdennis@example.org
129,Natalie Jones,tbennett@example.com
130,Kimberly Johnston,melindajohnson@example.com
131,Joy Thompson,jgonzalez@example.com
132,Nathaniel Hughes,henryscott@example.com
133,Jade Hall,frankcooper@example.org
134,Johnny Hammond,charlenemckenzie@example.net
135,Gabriel Cantu,pjacobson@example.net
136,Shirley Rowland,oluna@example.com
137,Holly Lane,drew54@example.net
138,Tammy Thompson,joneschristopher@example.net
139,Michael Franklin,william07@example.com
140,Joseph Moore,davidhernandez@example.org
141,Hector Kennedy,tli@example.com
142,Carol Fowler,tamimiller@example.net
143,Melanie Wilson,alexanderduncan@example.net
144,Crystal Roberts,carrollann@example.net
145,Teresa Cross,ywilliams@example.net
146,Kimberly Barton,ellispatricia@example.com
147,David Riley,brodriguez@example.net
148,Todd Peters,nicholashernandez@example.org
149,Gregory Larson,johnstephens@example.org
150,Monique Maynard,ofernandez@example.com
151,Mr. David Todd,rogerselizabeth@example.org
152,John Alvarado,jcole@example.com
153,Michael White,qblair@example.com
154,Melissa Mack,stephanieheath@example.net
155,Jesse Miller,rodgerslisa@example.com
156,Felicia Fox,mary47@example.com
157,Daniel Mills,econner@example.net
158,Nicole Colon,ericawilliams@example.net
159,Lauren Moore,zwest@example.net
160,Carlos Murphy,rachelbrown@example.net
161,Donald Harris,glen99@example.org
162,Frances Hernandez,greenchristopher@example.org
163,Jennifer Turner,woodstephen@example.com
164,Paul Holt,taylorlara@example.net
165,David Mendoza,laurabradshaw@example.com
166,Jay Oliver,gmassey@example.org
167,Jacob Johnson,erika35@example.com
168,Antonio Lewis,jennifer63@example.org
169,Mrs. Brittany Smith,benjamincuevas@example.org
170,Kathryn Solomon,josesullivan@example.net
171,Mrs. Ann Howard,hjackson@example.com
172,Brent Fitzpatrick,hornlori@example.net
173,Mary Farley,lucasrodriguez@example.com
174,Richard Green,andersonamanda@example.net
175,Sonya Hill,garciacatherine@example.org
176,John Johnson,bryanconner@example.com
177,Deborah Miller,bishopsarah@example.org
178,Dennis Ramirez,antonio07@example.com
179,Ashley Sanders,stephaniemartinez@example.org
180,Brian Smith,scottjackson@example.org
181,Elijah Johnson,lcrane@example.com
182,Mary Harvey,kylepope@example.org
183,Nancy Hunt,carolbrown@example.com
184,Christopher Rodriguez,hooveremma@example.org
185,Kyle Spence,wwells@example.net
186,Dr. Jennifer Oliver DVM,samuel29@example.com
187,Sharon Baker,everettchristine@example.com
188,Suzanne Walker,briannaharrison@example.net
189,Margaret Jones,sanchezroberto@example.net
190,David Klein,williamssandra@example.net
191,Linda Roth,davidsimmons@example.net
192,Cheryl Curtis,richard22@example.net
193,Nancy Ramirez,joan98@example.com
194,Shannon Rodgers,pkim@example.org
195,Lisa Thompson,campbelljack@example.org
196,Michele Smith,oharris@example.com
197,Samuel Johnston,ashley26@example.net
198,Louis Rivera,jamie49@example.com
199,Brian Carroll,matthewdavis@example.net
200,Whitney Allen MD,oflowers@example.org
